[
  {
    "name": "add_tenant",
    "template": "Hello {{firstName}},Your account has been created in way2pg.com. Please check your mail for more details.Thanks,Way2PG Team",
    "createdAt": "2017-07-22T06:15:36.309Z",
    "updatedAt": "2017-09-02T10:46:46.897Z",
    "isEnabled": true,
    "__v": 0
  },
  {
    "name": "update_tenant",
    "template": "Template for Tenant Details Updated ",
    "createdAt": "2017-07-22T06:15:36.309Z",
    "updatedAt": "2017-07-22T06:15:36.310Z",
    "isEnabled": true,
    "__v": 0
  },
  {
    "name": "deactivate_tenant",
    "template": "Template for Tenant Deactivated ",
    "createdAt": "2017-07-22T06:15:36.309Z",
    "updatedAt": "2017-07-22T06:15:36.310Z",
    "isEnabled": true,
    "__v": 0
  },
  {
    "name": "deactivate_user",
    "template": "Template for User Deactivated ",
    "createdAt": "2017-07-22T06:15:36.309Z",
    "updatedAt": "2017-07-22T06:15:36.310Z",
    "isEnabled": true,
    "__v": 0
  },
  {
    "name": "update_user",
    "template": "Template for User Details Updated ",
    "createdAt": "2017-07-22T06:15:36.309Z",
    "updatedAt": "2017-07-22T06:15:36.310Z",
    "isEnabled": true,
    "__v": 0
  },
  {
    "name": "deactivate_admin",
    "template": "Template for deactivate_admin ",
    "createdAt": "2017-07-22T06:15:36.309Z",
    "updatedAt": "2017-07-22T06:15:36.310Z",
    "isEnabled": true,
    "__v": 0
  },
  {
    "name": "add_user",
    "template": "Hello {{firstName}}, \r\n Your account has been created in way2pg.com.  \r\n Please check your mail for more details. \r\n Thanks, \r\nWay2PG Team",
    "createdAt": "2017-07-22T06:15:36.309Z",
    "updatedAt": "2017-09-02T10:46:26.518Z",
    "isEnabled": true,
    "__v": 0
  },
  {
    "name": "add_admin",
    "template": "Hello {{firstName}},Your account has been created in way2pg.com. Please check your mail for more details.Thanks,Way2PG Team",
    "createdAt": "2017-07-22T06:15:36.309Z",
    "updatedAt": "2017-09-02T10:46:34.207Z",
    "isEnabled": true,
    "__v": 0
  },
  {
    "name": "update_admin",
    "template": "Hello {{firstName}},  Your account details updated in way2pg.com.   Please check your mail for more details.  Thanks,  Way2PG Team",
    "createdAt": "2017-07-22T06:15:36.309Z",
    "updatedAt": "2017-09-02T10:53:41.197Z",
    "isEnabled": true,
    "__v": 0
  },
  {
    "name": "deactivate_pgstaff",
    "template": "Template for deactivate_pgstaff ",
    "createdAt": "2017-07-22T06:15:36.309Z",
    "updatedAt": "2017-07-22T06:15:36.310Z",
    "isEnabled": true,
    "__v": 0
  },
  {
    "name": "update_pgstaff",
    "template": "Template for update_pgstaff ",
    "createdAt": "2017-07-22T06:15:36.309Z",
    "updatedAt": "2017-07-22T06:15:36.310Z",
    "isEnabled": true,
    "__v": 0
  },
  {
    "name": "add_pgstaff",
    "template": "Hello {{firstName}},Your account has been created in way2pg.com. Please check your mail for more details.Thanks,Way2PG Team",
    "createdAt": "2017-07-22T06:15:36.309Z",
    "updatedAt": "2017-09-02T10:47:00.209Z",
    "isEnabled": true,
    "__v": 0
  },
  {
    "name": "deactivate_pg_food_menu",
    "template": "Template for deactivate_pg_food_menu ",
    "createdAt": "2017-07-22T06:15:36.309Z",
    "updatedAt": "2017-07-22T06:15:36.310Z",
    "isEnabled": true,
    "__v": 0
  },
  {
    "name": "add_pg_food_menu",
    "template": "Template for add_pg_food_menu ",
    "createdAt": "2017-07-22T06:15:36.309Z",
    "updatedAt": "2017-07-22T06:15:36.310Z",
    "isEnabled": true,
    "__v": 0
  },
  {
    "name": "deactivate_pg_room",
    "template": "Hello {{firstName}},Room details deleted successfully in Way2PG.comPlease check your mail for more details.Thanks,Way2PG Team",
    "createdAt": "2017-07-22T06:15:36.309Z",
    "updatedAt": "2017-09-02T11:38:53.099Z",
    "isEnabled": true,
    "__v": 0
  },
  {
    "name": "update_pg_food_menu",
    "template": "Template for update_pg_food_menu ",
    "createdAt": "2017-07-22T06:15:36.309Z",
    "updatedAt": "2017-07-22T06:15:36.310Z",
    "isEnabled": true,
    "__v": 0
  },
  {
    "name": "update_pg_room",
    "template": "Hello {{firstName}},Room update in Way2PG.comPlease check your mail for more details.Thanks,Way2PG Team",
    "createdAt": "2017-07-22T06:15:36.309Z",
    "updatedAt": "2017-09-02T11:37:39.114Z",
    "isEnabled": true,
    "__v": 0
  },
  {
    "name": "update_pg",
    "template": "Hello {{firstName}},PG Details update in Way2PG.comPlease check your mail for more details.Thanks,Way2PG Team",
    "createdAt": "2017-07-22T06:15:36.309Z",
    "updatedAt": "2017-09-02T11:37:10.972Z",
    "isEnabled": true,
    "__v": 0
  },
  {
    "name": "add_pg_room",
    "template": "Hello {{firstName}},Room details added successfully in Way2PG.comPlease check your mail for more details.Thanks,Way2PG Team",
    "createdAt": "2017-07-22T06:15:36.309Z",
    "updatedAt": "2017-09-02T11:38:18.657Z",
    "isEnabled": true,
    "__v": 0
  },
  {
    "name": "add_pg",
    "template": "Hello {{firstName}},Congratulations! You have successfully created  PG with Way2PG.comPlease check your mail for more details.Thanks,Way2PG Team",
    "createdAt": "2017-07-22T06:15:36.309Z",
    "updatedAt": "2017-09-02T11:36:19.211Z",
    "isEnabled": true,
    "__v": 0
  },
  {
    "name": "deactivate_pg",
    "template": "Hello {{firstName}},PG deleted successfully in Way2PG.comPlease check your mail for more details.Thanks,Way2PG Team",
    "createdAt": "2017-07-22T06:15:36.309Z",
    "updatedAt": "2017-09-02T11:39:41.733Z",
    "isEnabled": true,
    "__v": 0
  },
  {
    "name": "deactivate_pgowner",
    "template": "Template for deactivate_pgowner ",
    "createdAt": "2017-07-22T06:15:36.309Z",
    "updatedAt": "2017-07-22T06:15:36.310Z",
    "isEnabled": true,
    "__v": 0
  },
  {
    "name": "add_food_menu",
    "template": "Template for add_food_menu ",
    "createdAt": "2017-07-22T06:15:36.309Z",
    "updatedAt": "2017-07-22T06:15:36.310Z",
    "isEnabled": true,
    "__v": 0
  },
  {
    "name": "add_pgowner",
    "template": "Hello {{firstName}},Your account has been created in way2pg.com. Please check your mail for more details.Thanks,Way2PG Team",
    "createdAt": "2017-07-22T06:15:36.309Z",
    "updatedAt": "2017-09-02T10:47:10.821Z",
    "isEnabled": true,
    "__v": 0
  },
  {
    "name": "update_food_menu",
    "template": "Template for update_food_menu ",
    "createdAt": "2017-07-22T06:15:36.309Z",
    "updatedAt": "2017-07-22T06:15:36.310Z",
    "isEnabled": true,
    "__v": 0
  },
  {
    "name": "update_pgowner",
    "template": "Template for update_pgowner ",
    "createdAt": "2017-07-22T06:15:36.309Z",
    "updatedAt": "2017-07-22T06:15:36.310Z",
    "isEnabled": true,
    "__v": 0
  }
]
