[
  {
    "name": "info",
    "app_name": "Way2PG",
    "host": "vps33536.inmotionhosting.com",
    "port": "465",
    "secure": "true",
    "createdAt": "2017-07-15T06:54:16.052Z",
    "updatedAt": "2017-09-09T19:54:56.072Z",
    "auth": {
      "user": "info@way2pg.com",
      "pass": "RV%adUKHHUX7"
    },
    "isEnabled": true
  },
  {
    "name": "reports",
    "app_name": "Way2PG",
    "host": "vps33536.inmotionhosting.com",
    "port": "465",
    "secure": "true",
    "createdAt": "2017-07-15T06:54:44.492Z",
    "updatedAt": "2017-07-15T06:54:44.492Z",
    "auth": {
      "user": "report@way2pg.com",
      "pass": "JGS7-TLXT5QB"
    },
    "isEnabled": true
  }
]
