{
  "$schema": "./node_modules/@angular/cli/lib/config/schema.json",
  "project": {
    "version": "1.0.0",
    "name": "Way2PG"
  },
  "apps": [
    {
      "root": "src",
      "outDir": "dist",
      "assets": [
        "assets",
        "favicon.ico"
      ],
      "index": "index.html",
      "main": "main.ts",
      "polyfills": "polyfills.ts",
      "test": "test.ts",
      "tsconfig": "tsconfig.app.json",
      "testTsconfig": "tsconfig.spec.json",
      "prefix": "app",
      "mobile": false,
      "styles": [
        "../node_modules/normalize.css/normalize.css",
        "../node_modules/perfect-scrollbar/dist/css/perfect-scrollbar.min.css",
        "styles.css"
      ],
      "scripts": [
        "assets/js/pace.min.js",
        "assets/js/bootstrap.min.js",
        "assets/js/blockui.min.js",
        "assets/js/widgets.min.js",
        "assets/js/touch.min.js",
        "assets/js/slider_pips.min.js",
        "assets/js/switchery.min.js",
        "../node_modules/magnific-popup/dist/jquery.magnific-popup.min.js",
        "assets/js/nicescroll.min.js",
        "assets/js/drilldown.js",
        "assets/js/summernote.min.js",
        "assets/js/uniform.min.js",
        "assets/js/bootstrap_multiselect.js",
        "../semantic/dist/semantic.min.js",
        "assets/js/datatables.min.js",
        "assets/js/buttons.min.js",
        "assets/js/select2.min.js",
        "../node_modules/bootstrap-tagsinput/dist/bootstrap-tagsinput.js",
        "../node_modules/perfect-scrollbar/dist/js/perfect-scrollbar.min.js",
        "assets/js/typeahead.bundle.min.js",
        "assets/js/moment.min.js",
        "assets/js/daterangepicker.js",
        "assets/js/anytime.min.js",
        "assets/js/picker.js",
        "assets/js/picker.date.js",
        "assets/js/picker.time.js",
        "assets/js/legacy.js",
        "assets/js/fileinput.min.js",
        "assets/js/pnotify.min.js",
        "assets/js/echarts.js",
        "assets/js/owlCarousel.js",
        "assets/js/d3.min.js",
        "assets/js/d3_tooltip.js",
        "assets/js/fuse.min.js"
      ],
      "environmentSource": "environments/environment.ts",
      "environments": {
        "source": "environments/environment.ts",
        "dev": "environments/environment.ts",
        "prod": "environments/environment.prod.ts"
      }
    }
  ],
  "addons": [],
  "packages": [],
  "e2e": {
    "protractor": {
      "config": "./protractor.conf.js"
    }
  },
  "lint": [
    {
      "project": "src/tsconfig.app.json",
      "exclude": "**/node_modules/**"
    },
    {
      "project": "src/tsconfig.spec.json",
      "exclude": "**/node_modules/**"
    },
    {
      "project": "e2e/tsconfig.e2e.json",
      "exclude": "**/node_modules/**"
    }
  ],
  "test": {
    "karma": {
      "config": "./karma.conf.js"
    }
  },
  "defaults": {
    "styleExt": "css",
    "prefixInterfaces": false,
    "inline": {
      "style": false,
      "template": false
    },
    "spec": {
      "class": false,
      "component": true,
      "directive": true,
      "module": false,
      "pipe": true,
      "service": true
    }
  }
}
